ShipInfo_Sk,ShipAddress,ShipCity,ShipRegion,ShipCountry,ShipName,ShipPostalCode,OrderId
1,59 rue de l'Abbaye,Reims,,France,Vins et alcools Chevalier,51100,10248
2,Luisenstr. 48,Münster,,Germany,Toms Spezialitäten,44087,10249
3,"Rua do Paço, 67",Rio de Janeiro,RJ,Brazil,Hanari Carnes,05454-876,10250
4,"2, rue du Commerce",Lyon,,France,Victuailles en stock,69004,10251
5,"Boulevard Tirou, 255",Charleroi,,Belgium,Suprêmes délices,B-6000,10252
6,"Rua do Paço, 67",Rio de Janeiro,RJ,Brazil,Hanari Carnes,05454-876,10253
7,Hauptstr. 31,Bern,,Switzerland,Chop-suey Chinese,3012,10254
8,Starenweg 5,Genève,,Switzerland,Richter Supermarkt,1204,10255
9,"Rua do Mercado, 12",Resende,SP,Brazil,Wellington Importadora,08737-363,10256
10,Carrera 22 con Ave. Carlos Soublette #8-35,San Cristóbal,Táchira,Venezuela,HILARION-Abastos,5022,10257
11,Kirchgasse 6,Graz,,Austria,Ernst Handel,8010,10258
12,Sierras de Granada 9993,México D.F.,,Mexico,Centro comercial Moctezuma,05022,10259
13,Mehrheimerstr. 369,Köln,,Germany,Ottilies Käseladen,50739,10260
14,"Rua da Panificadora, 12",Rio de Janeiro,RJ,Brazil,Que Delícia,02389-673,10261
15,2817 Milton Dr.,Albuquerque,NM,USA,Rattlesnake Canyon Grocery,87110,10262
16,Kirchgasse 6,Graz,,Austria,Ernst Handel,8010,10263
17,Åkergatan 24,Bräcke,,Sweden,Folk och fä HB,S-844 67,10264
18,"24, place Kléber",Strasbourg,,France,Blondel père et fils,67000,10265
19,Torikatu 38,Oulu,,Finland,Wartian Herkku,90110,10266
20,Berliner Platz 43,München,,Germany,Frankenversand,80805,10267
21,5ª Ave. Los Palos Grandes,Caracas,DF,Venezuela,GROSELLA-Restaurante,1081,10268
22,1029 - 12th Ave. S.,Seattle,WA,USA,White Clover Markets,98124,10269
23,Torikatu 38,Oulu,,Finland,Wartian Herkku,90110,10270
24,P.O. Box 555,Lander,WY,USA,Split Rail Beer & Ale,82520,10271
25,2817 Milton Dr.,Albuquerque,NM,USA,Rattlesnake Canyon Grocery,87110,10272
26,Taucherstraße 10,Cunewalde,,Germany,QUICK-Stop,01307,10273
27,59 rue de l'Abbaye,Reims,,France,Vins et alcools Chevalier,51100,10274
28,Via Ludovico il Moro 22,Bergamo,,Italy,Magazzini Alimentari Riuniti,24100,10275
29,Avda. Azteca 123,México D.F.,,Mexico,Tortuga Restaurante,05033,10276
30,Heerstr. 22,Leipzig,,Germany,Morgenstern Gesundkost,04179,10277
31,Berguvsvägen  8,Luleå,,Sweden,Berglunds snabbköp,S-958 22,10278
32,Magazinweg 7,Frankfurt a.M.,,Germany,Lehmanns Marktstand,60528,10279
33,Berguvsvägen  8,Luleå,,Sweden,Berglunds snabbköp,S-958 22,10280
34,"Gran Vía, 1",Madrid,,Spain,Romero y tomillo,28001,10281
35,"Gran Vía, 1",Madrid,,Spain,Romero y tomillo,28001,10282
36,Carrera 52 con Ave. Bolívar #65-98 Llano Largo,Barquisimeto,Lara,Venezuela,LILA-Supermercado,3508,10283
37,Magazinweg 7,Frankfurt a.M.,,Germany,Lehmanns Marktstand,60528,10284
38,Taucherstraße 10,Cunewalde,,Germany,QUICK-Stop,01307,10285
39,Taucherstraße 10,Cunewalde,,Germany,QUICK-Stop,01307,10286
40,"Av. Copacabana, 267",Rio de Janeiro,RJ,Brazil,Ricardo Adocicados,02389-890,10287
41,Strada Provinciale 124,Reggio Emilia,,Italy,Reggiani Caseifici,42100,10288
42,Fauntleroy Circus,London,,UK,B's Beverages,EC2 5NT,10289
43,"Av. dos Lusíadas, 23",Sao Paulo,SP,Brazil,Comércio Mineiro,05432-043,10290
44,"Rua da Panificadora, 12",Rio de Janeiro,RJ,Brazil,Que Delícia,02389-673,10291
45,"Av. Inês de Castro, 414",Sao Paulo,SP,Brazil,Tradiçao Hipermercados,05634-030,10292
46,Avda. Azteca 123,México D.F.,,Mexico,Tortuga Restaurante,05033,10293
47,2817 Milton Dr.,Albuquerque,NM,USA,Rattlesnake Canyon Grocery,87110,10294
48,59 rue de l'Abbaye,Reims,,France,Vins et alcools Chevalier,51100,10295
49,Carrera 52 con Ave. Bolívar #65-98 Llano Largo,Barquisimeto,Lara,Venezuela,LILA-Supermercado,3508,10296
50,"24, place Kléber",Strasbourg,,France,Blondel père et fils,67000,10297
51,8 Johnstown Road,Cork,Co. Cork,Ireland,Hungry Owl All-Night Grocers,,10298
52,"Av. Copacabana, 267",Rio de Janeiro,RJ,Brazil,Ricardo Adocicados,02389-890,10299
53,Via Ludovico il Moro 22,Bergamo,,Italy,Magazzini Alimentari Riuniti,24100,10300
54,Adenauerallee 900,Stuttgart,,Germany,Die Wandernde Kuh,70563,10301
55,"Boulevard Tirou, 255",Charleroi,,Belgium,Suprêmes délices,B-6000,10302
56,"C/ Romero, 33",Sevilla,,Spain,Godos Cocina Típica,41101,10303
57,Avda. Azteca 123,México D.F.,,Mexico,Tortuga Restaurante,05033,10304
58,2743 Bering St.,Anchorage,AK,USA,Old World Delicatessen,99508,10305
59,"Gran Vía, 1",Madrid,,Spain,Romero y tomillo,28001,10306
60,89 Chiaroscuro Rd.,Portland,OR,USA,Lonesome Pine Restaurant,97219,10307
61,Avda. de la Constitución 2222,México D.F.,,Mexico,Ana Trujillo Emparedados y helados,05021,10308
62,8 Johnstown Road,Cork,Co. Cork,Ireland,Hungry Owl All-Night Grocers,,10309
63,89 Jefferson Way Suite 2,Portland,OR,USA,The Big Cheese,97201,10310
64,"67, rue des Cinquante Otages",Nantes,,France,Du monde entier,44000,10311
65,Adenauerallee 900,Stuttgart,,Germany,Die Wandernde Kuh,70563,10312
66,Taucherstraße 10,Cunewalde,,Germany,QUICK-Stop,01307,10313
67,2817 Milton Dr.,Albuquerque,NM,USA,Rattlesnake Canyon Grocery,87110,10314
68,Garden House Crowther Way,Cowes,Isle of Wight,UK,Island Trading,PO31 7PJ,10315
69,2817 Milton Dr.,Albuquerque,NM,USA,Rattlesnake Canyon Grocery,87110,10316
70,89 Chiaroscuro Rd.,Portland,OR,USA,Lonesome Pine Restaurant,97219,10317
71,Garden House Crowther Way,Cowes,Isle of Wight,UK,Island Trading,PO31 7PJ,10318
72,Avda. Azteca 123,México D.F.,,Mexico,Tortuga Restaurante,05033,10319
73,Torikatu 38,Oulu,,Finland,Wartian Herkku,90110,10320
74,Garden House Crowther Way,Cowes,Isle of Wight,UK,Island Trading,PO31 7PJ,10321
75,Calle Dr. Jorge Cash 321,México D.F.,,Mexico,Pericles Comidas clásicas,05033,10322
76,Maubelstr. 90,Brandenburg,,Germany,Königlich Essen,14776,10323
77,187 Suffolk Ln.,Boise,ID,USA,Save-a-lot Markets,83720,10324
78,Maubelstr. 90,Brandenburg,,Germany,Königlich Essen,14776,10325
79,"C/ Araquil, 67",Madrid,,Spain,Bólido Comidas preparadas,28023,10326
80,Åkergatan 24,Bräcke,,Sweden,Folk och fä HB,S-844 67,10327
81,Jardim das rosas n. 32,Lisboa,,Portugal,Furia Bacalhau e Frutos do Mar,1675,10328
82,P.O. Box 555,Lander,WY,USA,Split Rail Beer & Ale,82520,10329
83,Carrera 52 con Ave. Bolívar #65-98 Llano Largo,Barquisimeto,Lara,Venezuela,LILA-Supermercado,3508,10330
84,"12, rue des Bouchers",Marseille,,France,Bon app',13008,10331
85,43 rue St. Laurent,Montréal,Québec,Canada,Mère Paillarde,H1J 1C3,10332
86,Torikatu 38,Oulu,,Finland,Wartian Herkku,90110,10333
87,"2, rue du Commerce",Lyon,,France,Victuailles en stock,69004,10334
88,8 Johnstown Road,Cork,Co. Cork,Ireland,Hungry Owl All-Night Grocers,,10335
89,Estrada da saúde n. 58,Lisboa,,Portugal,Princesa Isabel Vinhos,1756,10336
90,Berliner Platz 43,München,,Germany,Frankenversand,80805,10337
91,2743 Bering St.,Anchorage,AK,USA,Old World Delicatessen,99508,10338
92,43 rue St. Laurent,Montréal,Québec,Canada,Mère Paillarde,H1J 1C3,10339
93,"12, rue des Bouchers",Marseille,,France,Bon app',13008,10340
94,Vinbæltet 34,Kobenhavn,,Denmark,Simons bistro,1734,10341
95,Berliner Platz 43,München,,Germany,Frankenversand,80805,10342
96,Magazinweg 7,Frankfurt a.M.,,Germany,Lehmanns Marktstand,60528,10343
97,1029 - 12th Ave. S.,Seattle,WA,USA,White Clover Markets,98124,10344
98,Taucherstraße 10,Cunewalde,,Germany,QUICK-Stop,01307,10345
99,2817 Milton Dr.,Albuquerque,NM,USA,Rattlesnake Canyon Grocery,87110,10346
100,"Rua Orós, 92",Sao Paulo,SP,Brazil,Familia Arquibaldo,05442-030,10347
101,Adenauerallee 900,Stuttgart,,Germany,Die Wandernde Kuh,70563,10348
102,P.O. Box 555,Lander,WY,USA,Split Rail Beer & Ale,82520,10349
103,1 rue Alsace-Lorraine,Toulouse,,France,La maison d'Asie,31000,10350
104,Kirchgasse 6,Graz,,Austria,Ernst Handel,8010,10351
105,Jardim das rosas n. 32,Lisboa,,Portugal,Furia Bacalhau e Frutos do Mar,1675,10352
106,Geislweg 14,Salzburg,,Austria,Piccolo und mehr,5020,10353
107,Calle Dr. Jorge Cash 321,México D.F.,,Mexico,Pericles Comidas clásicas,05033,10354
108,Brook Farm Stratford St. Mary,Colchester,Essex,UK,Around the Horn,CO7 6JX,10355
109,Adenauerallee 900,Stuttgart,,Germany,Die Wandernde Kuh,70563,10356
110,Carrera 52 con Ave. Bolívar #65-98 Llano Largo,Barquisimeto,Lara,Venezuela,LILA-Supermercado,3508,10357
111,1 rue Alsace-Lorraine,Toulouse,,France,La maison d'Asie,31000,10358
112,90 Wadhurst Rd.,London,,UK,Seven Seas Imports,OX15 4NB,10359
113,"24, place Kléber",Strasbourg,,France,Blondel père et fils,67000,10360
114,Taucherstraße 10,Cunewalde,,Germany,QUICK-Stop,01307,10361
115,"12, rue des Bouchers",Marseille,,France,Bon app',13008,10362
116,Walserweg 21,Aachen,,Germany,Drachenblut Delikatessen,52066,10363
117,35 King George,London,,UK,Eastern Connection,WX3 6FW,10364
118,Mataderos  2312,México D.F.,,Mexico,Antonio Moreno Taquería,05023,10365
119,"Rambla de Cataluña, 23",Barcelona,,Spain,Galería del gastronómo,8022,10366
120,Smagsloget 45,Århus,,Denmark,Vaffeljernet,8200,10367
121,Kirchgasse 6,Graz,,Austria,Ernst Handel,8010,10368
122,P.O. Box 555,Lander,WY,USA,Split Rail Beer & Ale,82520,10369
123,Hauptstr. 31,Bern,,Switzerland,Chop-suey Chinese,3012,10370
124,1 rue Alsace-Lorraine,Toulouse,,France,La maison d'Asie,31000,10371
125,"Alameda dos Canàrios, 891",Sao Paulo,SP,Brazil,Queen Cozinha,05487-020,10372
126,8 Johnstown Road,Cork,Co. Cork,Ireland,Hungry Owl All-Night Grocers,,10373
127,ul. Filtrowa 68,Warszawa,,Poland,Wolski Zajazd,01-012,10374
128,City Center Plaza 516 Main St.,Elgin,OR,USA,Hungry Coyote Import Store,97827,10375
129,43 rue St. Laurent,Montréal,Québec,Canada,Mère Paillarde,H1J 1C3,10376
130,90 Wadhurst Rd.,London,,UK,Seven Seas Imports,OX15 4NB,10377
131,Åkergatan 24,Bräcke,,Sweden,Folk och fä HB,S-844 67,10378
132,"Rua da Panificadora, 12",Rio de Janeiro,RJ,Brazil,Que Delícia,02389-673,10379
133,8 Johnstown Road,Cork,Co. Cork,Ireland,Hungry Owl All-Night Grocers,,10380
134,Carrera 52 con Ave. Bolívar #65-98 Llano Largo,Barquisimeto,Lara,Venezuela,LILA-Supermercado,3508,10381
135,Kirchgasse 6,Graz,,Austria,Ernst Handel,8010,10382
136,Brook Farm Stratford St. Mary,Colchester,Essex,UK,Around the Horn,CO7 6JX,10383
137,Berguvsvägen  8,Luleå,,Sweden,Berglunds snabbköp,S-958 22,10384
138,P.O. Box 555,Lander,WY,USA,Split Rail Beer & Ale,82520,10385
139,"Rua Orós, 92",Sao Paulo,SP,Brazil,Familia Arquibaldo,05442-030,10386
140,Erling Skakkes gate 78,Stavern,,Norway,Santé Gourmet,4110,10387
141,90 Wadhurst Rd.,London,,UK,Seven Seas Imports,OX15 4NB,10388
142,23 Tsawassen Blvd.,Tsawassen,BC,Canada,Bottom-Dollar Markets,T2F 8M4,10389
143,Kirchgasse 6,Graz,,Austria,Ernst Handel,8010,10390
144,Walserweg 21,Aachen,,Germany,Drachenblut Delikatessen,52066,10391
145,Geislweg 14,Salzburg,,Austria,Piccolo und mehr,5020,10392
146,187 Suffolk Ln.,Boise,ID,USA,Save-a-lot Markets,83720,10393
147,City Center Plaza 516 Main St.,Elgin,OR,USA,Hungry Coyote Import Store,97827,10394
148,Carrera 22 con Ave. Carlos Soublette #8-35,San Cristóbal,Táchira,Venezuela,HILARION-Abastos,5022,10395
149,Berliner Platz 43,München,,Germany,Frankenversand,80805,10396
150,Estrada da saúde n. 58,Lisboa,,Portugal,Princesa Isabel Vinhos,1756,10397
151,187 Suffolk Ln.,Boise,ID,USA,Save-a-lot Markets,83720,10398
152,Smagsloget 45,Århus,,Denmark,Vaffeljernet,8200,10399
153,35 King George,London,,UK,Eastern Connection,WX3 6FW,10400
154,2817 Milton Dr.,Albuquerque,NM,USA,Rattlesnake Canyon Grocery,87110,10401
155,Kirchgasse 6,Graz,,Austria,Ernst Handel,8010,10402
156,Kirchgasse 6,Graz,,Austria,Ernst Handel,8010,10403
157,Via Ludovico il Moro 22,Bergamo,,Italy,Magazzini Alimentari Riuniti,24100,10404
158,Ave. 5 de Mayo Porlamar,I. de Margarita,Nueva Esparta,Venezuela,LINO-Delicateses,4980,10405
159,"Alameda dos Canàrios, 891",Sao Paulo,SP,Brazil,Queen Cozinha,05487-020,10406
160,Mehrheimerstr. 369,Köln,,Germany,Ottilies Käseladen,50739,10407
161,"184, chaussée de Tournai",Lille,,France,Folies gourmandes,59000,10408
162,Ing. Gustavo Moncada 8585 Piso 20-A,Buenos Aires,,Argentina,Océano Atlántico Ltda.,1010,10409
163,23 Tsawassen Blvd.,Tsawassen,BC,Canada,Bottom-Dollar Markets,T2F 8M4,10410
164,23 Tsawassen Blvd.,Tsawassen,BC,Canada,Bottom-Dollar Markets,T2F 8M4,10411
165,Torikatu 38,Oulu,,Finland,Wartian Herkku,90110,10412
166,1 rue Alsace-Lorraine,Toulouse,,France,La maison d'Asie,31000,10413
167,"Rua Orós, 92",Sao Paulo,SP,Brazil,Familia Arquibaldo,05442-030,10414
168,City Center Plaza 516 Main St.,Elgin,OR,USA,Hungry Coyote Import Store,97827,10415
169,Torikatu 38,Oulu,,Finland,Wartian Herkku,90110,10416
170,Vinbæltet 34,Kobenhavn,,Denmark,Simons bistro,1734,10417
171,Taucherstraße 10,Cunewalde,,Germany,QUICK-Stop,01307,10418
172,Starenweg 5,Genève,,Switzerland,Richter Supermarkt,1204,10419
173,"Rua do Mercado, 12",Resende,SP,Brazil,Wellington Importadora,08737-363,10420
174,"Rua da Panificadora, 12",Rio de Janeiro,RJ,Brazil,Que Delícia,02389-673,10421
175,Via Monte Bianco 34,Torino,,Italy,Franchi S.p.A.,10100,10422
176,"Av. Brasil, 442",Campinas,SP,Brazil,Gourmet Lanchonetes,04876-786,10423
177,43 rue St. Laurent,Montréal,Québec,Canada,Mère Paillarde,H1J 1C3,10424
178,1 rue Alsace-Lorraine,Toulouse,,France,La maison d'Asie,31000,10425
179,"Rambla de Cataluña, 23",Barcelona,,Spain,Galería del gastronómo,8022,10426
180,Geislweg 14,Salzburg,,Austria,Piccolo und mehr,5020,10427
181,Strada Provinciale 124,Reggio Emilia,,Italy,Reggiani Caseifici,42100,10428
182,8 Johnstown Road,Cork,Co. Cork,Ireland,Hungry Owl All-Night Grocers,,10429
183,Kirchgasse 6,Graz,,Austria,Ernst Handel,8010,10430
184,23 Tsawassen Blvd.,Tsawassen,BC,Canada,Bottom-Dollar Markets,T2F 8M4,10431
185,P.O. Box 555,Lander,WY,USA,Split Rail Beer & Ale,82520,10432
186,Estrada da saúde n. 58,Lisboa,,Portugal,Princesa Isabel Vinhos,1756,10433
187,Åkergatan 24,Bräcke,,Sweden,Folk och fä HB,S-844 67,10434
188,Berkeley Gardens 12  Brewery,London,,UK,Consolidated Holdings,WX1 6LT,10435
189,"24, place Kléber",Strasbourg,,France,Blondel père et fils,67000,10436
190,Torikatu 38,Oulu,,Finland,Wartian Herkku,90110,10437
191,Luisenstr. 48,Münster,,Germany,Toms Spezialitäten,44087,10438
192,43 rue St. Laurent,Montréal,Québec,Canada,Mère Paillarde,H1J 1C3,10439
193,187 Suffolk Ln.,Boise,ID,USA,Save-a-lot Markets,83720,10440
194,2743 Bering St.,Anchorage,AK,USA,Old World Delicatessen,99508,10441
195,Kirchgasse 6,Graz,,Austria,Ernst Handel,8010,10442
196,Strada Provinciale 124,Reggio Emilia,,Italy,Reggiani Caseifici,42100,10443
197,Berguvsvägen  8,Luleå,,Sweden,Berglunds snabbköp,S-958 22,10444
198,Berguvsvägen  8,Luleå,,Sweden,Berglunds snabbköp,S-958 22,10445
199,Luisenstr. 48,Münster,,Germany,Toms Spezialitäten,44087,10446
200,"Av. Copacabana, 267",Rio de Janeiro,RJ,Brazil,Ricardo Adocicados,02389-890,10447
201,Av. del Libertador 900,Buenos Aires,,Argentina,Rancho grande,1010,10448
202,"24, place Kléber",Strasbourg,,France,Blondel père et fils,67000,10449
203,"2, rue du Commerce",Lyon,,France,Victuailles en stock,69004,10450
204,Taucherstraße 10,Cunewalde,,Germany,QUICK-Stop,01307,10451
205,187 Suffolk Ln.,Boise,ID,USA,Save-a-lot Markets,83720,10452
206,Brook Farm Stratford St. Mary,Colchester,Essex,UK,Around the Horn,CO7 6JX,10453
207,1 rue Alsace-Lorraine,Toulouse,,France,La maison d'Asie,31000,10454
208,Torikatu 38,Oulu,,Finland,Wartian Herkku,90110,10455
209,Maubelstr. 90,Brandenburg,,Germany,Königlich Essen,14776,10456
210,Maubelstr. 90,Brandenburg,,Germany,Königlich Essen,14776,10457
211,"Boulevard Tirou, 255",Charleroi,,Belgium,Suprêmes délices,B-6000,10458
212,"2, rue du Commerce",Lyon,,France,Victuailles en stock,69004,10459
213,Åkergatan 24,Bräcke,,Sweden,Folk och fä HB,S-844 67,10460
214,Carrera 52 con Ave. Bolívar #65-98 Llano Largo,Barquisimeto,Lara,Venezuela,LILA-Supermercado,3508,10461
215,Berkeley Gardens 12  Brewery,London,,UK,Consolidated Holdings,WX1 6LT,10462
216,"Boulevard Tirou, 255",Charleroi,,Belgium,Suprêmes délices,B-6000,10463
217,Jardim das rosas n. 32,Lisboa,,Portugal,Furia Bacalhau e Frutos do Mar,1675,10464
218,Smagsloget 45,Århus,,Denmark,Vaffeljernet,8200,10465
219,"Av. dos Lusíadas, 23",Sao Paulo,SP,Brazil,Comércio Mineiro,05432-043,10466
220,Via Ludovico il Moro 22,Bergamo,,Italy,Magazzini Alimentari Riuniti,24100,10467
221,Maubelstr. 90,Brandenburg,,Germany,Königlich Essen,14776,10468
222,1029 - 12th Ave. S.,Seattle,WA,USA,White Clover Markets,98124,10469
223,"12, rue des Bouchers",Marseille,,France,Bon app',13008,10470
224,Fauntleroy Circus,London,,UK,B's Beverages,EC2 5NT,10471
225,90 Wadhurst Rd.,London,,UK,Seven Seas Imports,OX15 4NB,10472
226,Garden House Crowther Way,Cowes,Isle of Wight,UK,Island Trading,PO31 7PJ,10473
227,Calle Dr. Jorge Cash 321,México D.F.,,Mexico,Pericles Comidas clásicas,05033,10474
228,"Boulevard Tirou, 255",Charleroi,,Belgium,Suprêmes délices,B-6000,10475
229,Carrera 22 con Ave. Carlos Soublette #8-35,San Cristóbal,Táchira,Venezuela,HILARION-Abastos,5022,10476
230,Estrada da saúde n. 58,Lisboa,,Portugal,Princesa Isabel Vinhos,1756,10477
231,"2, rue du Commerce",Lyon,,France,Victuailles en stock,69004,10478
232,2817 Milton Dr.,Albuquerque,NM,USA,Rattlesnake Canyon Grocery,87110,10479
233,"184, chaussée de Tournai",Lille,,France,Folies gourmandes,59000,10480
234,"Av. Copacabana, 267",Rio de Janeiro,RJ,Brazil,Ricardo Adocicados,02389-890,10481
235,12 Orchestra Terrace,Walla Walla,WA,USA,Lazy K Kountry Store,99362,10482
236,1029 - 12th Ave. S.,Seattle,WA,USA,White Clover Markets,98124,10483
237,Fauntleroy Circus,London,,UK,B's Beverages,EC2 5NT,10484
238,Ave. 5 de Mayo Porlamar,I. de Margarita,Nueva Esparta,Venezuela,LINO-Delicateses,4980,10485
239,Carrera 22 con Ave. Carlos Soublette #8-35,San Cristóbal,Táchira,Venezuela,HILARION-Abastos,5022,10486
240,"Alameda dos Canàrios, 891",Sao Paulo,SP,Brazil,Queen Cozinha,05487-020,10487
241,Berliner Platz 43,München,,Germany,Frankenversand,80805,10488
242,Geislweg 14,Salzburg,,Austria,Piccolo und mehr,5020,10489
243,Carrera 22 con Ave. Carlos Soublette #8-35,San Cristóbal,Táchira,Venezuela,HILARION-Abastos,5022,10490
244,Jardim das rosas n. 32,Lisboa,,Portugal,Furia Bacalhau e Frutos do Mar,1675,10491
245,23 Tsawassen Blvd.,Tsawassen,BC,Canada,Bottom-Dollar Markets,T2F 8M4,10492
246,1 rue Alsace-Lorraine,Toulouse,,France,La maison d'Asie,31000,10493
247,"Av. dos Lusíadas, 23",Sao Paulo,SP,Brazil,Comércio Mineiro,05432-043,10494
248,2319 Elm St.,Vancouver,BC,Canada,Laughing Bacchus Wine Cellars,V3F 2K1,10495
249,"Av. Inês de Castro, 414",Sao Paulo,SP,Brazil,Tradiçao Hipermercados,05634-030,10496
250,Magazinweg 7,Frankfurt a.M.,,Germany,Lehmanns Marktstand,60528,10497
251,Carrera 22 con Ave. Carlos Soublette #8-35,San Cristóbal,Táchira,Venezuela,HILARION-Abastos,5022,10498
252,Carrera 52 con Ave. Bolívar #65-98 Llano Largo,Barquisimeto,Lara,Venezuela,LILA-Supermercado,3508,10499
253,1 rue Alsace-Lorraine,Toulouse,,France,La maison d'Asie,31000,10500
254,Forsterstr. 57,Mannheim,,Germany,Blauer See Delikatessen,68306,10501
255,Calle Dr. Jorge Cash 321,México D.F.,,Mexico,Pericles Comidas clásicas,05033,10502
256,8 Johnstown Road,Cork,Co. Cork,Ireland,Hungry Owl All-Night Grocers,,10503
257,1029 - 12th Ave. S.,Seattle,WA,USA,White Clover Markets,98124,10504
258,43 rue St. Laurent,Montréal,Québec,Canada,Mère Paillarde,H1J 1C3,10505
259,Maubelstr. 90,Brandenburg,,Germany,Königlich Essen,14776,10506
260,Mataderos  2312,México D.F.,,Mexico,Antonio Moreno Taquería,05023,10507
261,Mehrheimerstr. 369,Köln,,Germany,Ottilies Käseladen,50739,10508
262,Forsterstr. 57,Mannheim,,Germany,Blauer See Delikatessen,68306,10509
263,187 Suffolk Ln.,Boise,ID,USA,Save-a-lot Markets,83720,10510
264,"12, rue des Bouchers",Marseille,,France,Bon app',13008,10511
265,"Rua Orós, 92",Sao Paulo,SP,Brazil,Familia Arquibaldo,05442-030,10512
266,Adenauerallee 900,Stuttgart,,Germany,Die Wandernde Kuh,70563,10513
267,Kirchgasse 6,Graz,,Austria,Ernst Handel,8010,10514
268,Taucherstraße 10,Cunewalde,,Germany,QUICK-Stop,01307,10515
269,8 Johnstown Road,Cork,Co. Cork,Ireland,Hungry Owl All-Night Grocers,,10516
270,South House 300 Queensbridge,London,,UK,North/South,SW7 1RZ,10517
271,Avda. Azteca 123,México D.F.,,Mexico,Tortuga Restaurante,05033,10518
272,Hauptstr. 31,Bern,,Switzerland,Chop-suey Chinese,3012,10519
273,Erling Skakkes gate 78,Stavern,,Norway,Santé Gourmet,4110,10520
274,Cerrito 333,Buenos Aires,,Argentina,Cactus Comidas para llevar,1010,10521
275,Magazinweg 7,Frankfurt a.M.,,Germany,Lehmanns Marktstand,60528,10522
276,90 Wadhurst Rd.,London,,UK,Seven Seas Imports,OX15 4NB,10523
277,Berguvsvägen  8,Luleå,,Sweden,Berglunds snabbköp,S-958 22,10524
278,"12, rue des Bouchers",Marseille,,France,Bon app',13008,10525
279,Torikatu 38,Oulu,,Finland,Wartian Herkku,90110,10526
280,Taucherstraße 10,Cunewalde,,Germany,QUICK-Stop,01307,10527
281,2732 Baker Blvd.,Eugene,OR,USA,Great Lakes Food Market,97403,10528
282,Rue Joseph-Bens 532,Bruxelles,,Belgium,Maison Dewey,B-1180,10529
283,Geislweg 14,Salzburg,,Austria,Piccolo und mehr,5020,10530
284,Ing. Gustavo Moncada 8585 Piso 20-A,Buenos Aires,,Argentina,Océano Atlántico Ltda.,1010,10531
285,35 King George,London,,UK,Eastern Connection,WX3 6FW,10532
286,Åkergatan 24,Bräcke,,Sweden,Folk och fä HB,S-844 67,10533
287,Magazinweg 7,Frankfurt a.M.,,Germany,Lehmanns Marktstand,60528,10534
288,Mataderos  2312,México D.F.,,Mexico,Antonio Moreno Taquería,05023,10535
289,Magazinweg 7,Frankfurt a.M.,,Germany,Lehmanns Marktstand,60528,10536
290,Starenweg 5,Genève,,Switzerland,Richter Supermarkt,1204,10537
291,Fauntleroy Circus,London,,UK,B's Beverages,EC2 5NT,10538
292,Fauntleroy Circus,London,,UK,B's Beverages,EC2 5NT,10539
293,Taucherstraße 10,Cunewalde,,Germany,QUICK-Stop,01307,10540
294,"Rua do Paço, 67",Rio de Janeiro,RJ,Brazil,Hanari Carnes,05454-876,10541
295,Maubelstr. 90,Brandenburg,,Germany,Königlich Essen,14776,10542
296,Carrera 52 con Ave. Bolívar #65-98 Llano Largo,Barquisimeto,Lara,Venezuela,LILA-Supermercado,3508,10543
297,89 Chiaroscuro Rd.,Portland,OR,USA,Lonesome Pine Restaurant,97219,10544
298,12 Orchestra Terrace,Walla Walla,WA,USA,Lazy K Kountry Store,99362,10545
299,"2, rue du Commerce",Lyon,,France,Victuailles en stock,69004,10546
300,90 Wadhurst Rd.,London,,UK,Seven Seas Imports,OX15 4NB,10547
301,Luisenstr. 48,Münster,,Germany,Toms Spezialitäten,44087,10548
302,Taucherstraße 10,Cunewalde,,Germany,QUICK-Stop,01307,10549
303,"C/ Romero, 33",Sevilla,,Spain,Godos Cocina Típica,41101,10550
304,Jardim das rosas n. 32,Lisboa,,Portugal,Furia Bacalhau e Frutos do Mar,1675,10551
305,Carrera 22 con Ave. Carlos Soublette #8-35,San Cristóbal,Táchira,Venezuela,HILARION-Abastos,5022,10552
306,Torikatu 38,Oulu,,Finland,Wartian Herkku,90110,10553
307,Mehrheimerstr. 369,Köln,,Germany,Ottilies Käseladen,50739,10554
308,187 Suffolk Ln.,Boise,ID,USA,Save-a-lot Markets,83720,10555
309,Vinbæltet 34,Kobenhavn,,Denmark,Simons bistro,1734,10556
310,Magazinweg 7,Frankfurt a.M.,,Germany,Lehmanns Marktstand,60528,10557
311,Brook Farm Stratford St. Mary,Colchester,Essex,UK,Around the Horn,CO7 6JX,10558
312,"24, place Kléber",Strasbourg,,France,Blondel père et fils,67000,10559
313,Berliner Platz 43,München,,Germany,Frankenversand,80805,10560
314,Åkergatan 24,Bräcke,,Sweden,Folk och fä HB,S-844 67,10561
315,Strada Provinciale 124,Reggio Emilia,,Italy,Reggiani Caseifici,42100,10562
316,"Av. Copacabana, 267",Rio de Janeiro,RJ,Brazil,Ricardo Adocicados,02389-890,10563
317,2817 Milton Dr.,Albuquerque,NM,USA,Rattlesnake Canyon Grocery,87110,10564
318,43 rue St. Laurent,Montréal,Québec,Canada,Mère Paillarde,H1J 1C3,10565
319,"24, place Kléber",Strasbourg,,France,Blondel père et fils,67000,10566
320,8 Johnstown Road,Cork,Co. Cork,Ireland,Hungry Owl All-Night Grocers,,10567
321,"Rambla de Cataluña, 23",Barcelona,,Spain,Galería del gastronómo,8022,10568
322,2817 Milton Dr.,Albuquerque,NM,USA,Rattlesnake Canyon Grocery,87110,10569
323,43 rue St. Laurent,Montréal,Québec,Canada,Mère Paillarde,H1J 1C3,10570
324,Kirchgasse 6,Graz,,Austria,Ernst Handel,8010,10571
325,Berguvsvägen  8,Luleå,,Sweden,Berglunds snabbköp,S-958 22,10572
326,Mataderos  2312,México D.F.,,Mexico,Antonio Moreno Taquería,05023,10573
327,722 DaVinci Blvd.,Kirkland,WA,USA,Trail's Head Gourmet Provisioners,98034,10574
328,Heerstr. 22,Leipzig,,Germany,Morgenstern Gesundkost,04179,10575
329,Avda. Azteca 123,México D.F.,,Mexico,Tortuga Restaurante,05033,10576
330,722 DaVinci Blvd.,Kirkland,WA,USA,Trail's Head Gourmet Provisioners,98034,10577
331,Fauntleroy Circus,London,,UK,B's Beverages,EC2 5NT,10578
332,87 Polk St. Suite 5,San Francisco,CA,USA,Let's Stop N Shop,94117,10579
333,Mehrheimerstr. 369,Köln,,Germany,Ottilies Käseladen,50739,10580
334,"Rua Orós, 92",Sao Paulo,SP,Brazil,Familia Arquibaldo,05442-030,10581
335,Forsterstr. 57,Mannheim,,Germany,Blauer See Delikatessen,68306,10582
336,Torikatu 38,Oulu,,Finland,Wartian Herkku,90110,10583
337,"24, place Kléber",Strasbourg,,France,Blondel père et fils,67000,10584
338,"Rua do Mercado, 12",Resende,SP,Brazil,Wellington Importadora,08737-363,10585
339,Strada Provinciale 124,Reggio Emilia,,Italy,Reggiani Caseifici,42100,10586
340,"Rua da Panificadora, 12",Rio de Janeiro,RJ,Brazil,Que Delícia,02389-673,10587
341,Taucherstraße 10,Cunewalde,,Germany,QUICK-Stop,01307,10588
342,2732 Baker Blvd.,Eugene,OR,USA,Great Lakes Food Market,97403,10589
343,43 rue St. Laurent,Montréal,Québec,Canada,Mère Paillarde,H1J 1C3,10590
344,Smagsloget 45,Århus,,Denmark,Vaffeljernet,8200,10591
345,Magazinweg 7,Frankfurt a.M.,,Germany,Lehmanns Marktstand,60528,10592
346,Magazinweg 7,Frankfurt a.M.,,Germany,Lehmanns Marktstand,60528,10593
347,2743 Bering St.,Anchorage,AK,USA,Old World Delicatessen,99508,10594
348,Kirchgasse 6,Graz,,Austria,Ernst Handel,8010,10595
349,1029 - 12th Ave. S.,Seattle,WA,USA,White Clover Markets,98124,10596
350,Geislweg 14,Salzburg,,Austria,Piccolo und mehr,5020,10597
351,2817 Milton Dr.,Albuquerque,NM,USA,Rattlesnake Canyon Grocery,87110,10598
352,Fauntleroy Circus,London,,UK,B's Beverages,EC2 5NT,10599
353,City Center Plaza 516 Main St.,Elgin,OR,USA,Hungry Coyote Import Store,97827,10600
354,Carrera 22 con Ave. Carlos Soublette #8-35,San Cristóbal,Táchira,Venezuela,HILARION-Abastos,5022,10601
355,Smagsloget 45,Århus,,Denmark,Vaffeljernet,8200,10602
356,187 Suffolk Ln.,Boise,ID,USA,Save-a-lot Markets,83720,10603
357,Jardim das rosas n. 32,Lisboa,,Portugal,Furia Bacalhau e Frutos do Mar,1675,10604
358,43 rue St. Laurent,Montréal,Québec,Canada,Mère Paillarde,H1J 1C3,10605
359,"Av. Inês de Castro, 414",Sao Paulo,SP,Brazil,Tradiçao Hipermercados,05634-030,10606
360,187 Suffolk Ln.,Boise,ID,USA,Save-a-lot Markets,83720,10607
361,Luisenstr. 48,Münster,,Germany,Toms Spezialitäten,44087,10608
362,"67, rue des Cinquante Otages",Nantes,,France,Du monde entier,44000,10609
363,1 rue Alsace-Lorraine,Toulouse,,France,La maison d'Asie,31000,10610
364,ul. Filtrowa 68,Warszawa,,Poland,Wolski Zajazd,01-012,10611
365,187 Suffolk Ln.,Boise,ID,USA,Save-a-lot Markets,83720,10612
366,Carrera 22 con Ave. Carlos Soublette #8-35,San Cristóbal,Táchira,Venezuela,HILARION-Abastos,5022,10613
367,Forsterstr. 57,Mannheim,,Germany,Blauer See Delikatessen,68306,10614
368,Keskuskatu 45,Helsinki,,Finland,Wilman Kala,21240,10615
369,2732 Baker Blvd.,Eugene,OR,USA,Great Lakes Food Market,97403,10616
370,2732 Baker Blvd.,Eugene,OR,USA,Great Lakes Food Market,97403,10617
371,43 rue St. Laurent,Montréal,Québec,Canada,Mère Paillarde,H1J 1C3,10618
372,43 rue St. Laurent,Montréal,Québec,Canada,Mère Paillarde,H1J 1C3,10619
373,2319 Elm St.,Vancouver,BC,Canada,Laughing Bacchus Wine Cellars,V3F 2K1,10620
374,Garden House Crowther Way,Cowes,Isle of Wight,UK,Island Trading,PO31 7PJ,10621
375,"Av. Copacabana, 267",Rio de Janeiro,RJ,Brazil,Ricardo Adocicados,02389-890,10622
376,Berliner Platz 43,München,,Germany,Frankenversand,80805,10623
377,55 Grizzly Peak Rd.,Butte,MT,USA,The Cracker Box,59801,10624
378,Avda. de la Constitución 2222,México D.F.,,Mexico,Ana Trujillo Emparedados y helados,05021,10625
379,Berguvsvägen  8,Luleå,,Sweden,Berglunds snabbköp,S-958 22,10626
380,187 Suffolk Ln.,Boise,ID,USA,Save-a-lot Markets,83720,10627
381,"24, place Kléber",Strasbourg,,France,Blondel père et fils,67000,10628
382,"C/ Romero, 33",Sevilla,,Spain,Godos Cocina Típica,41101,10629
383,Maubelstr. 90,Brandenburg,,Germany,Königlich Essen,14776,10630
384,1 rue Alsace-Lorraine,Toulouse,,France,La maison d'Asie,31000,10631
385,Adenauerallee 900,Stuttgart,,Germany,Die Wandernde Kuh,70563,10632
386,Kirchgasse 6,Graz,,Austria,Ernst Handel,8010,10633
387,"184, chaussée de Tournai",Lille,,France,Folies gourmandes,59000,10634
388,Via Ludovico il Moro 22,Bergamo,,Italy,Magazzini Alimentari Riuniti,24100,10635
389,Torikatu 38,Oulu,,Finland,Wartian Herkku,90110,10636
390,"Alameda dos Canàrios, 891",Sao Paulo,SP,Brazil,Queen Cozinha,05487-020,10637
391,Ave. 5 de Mayo Porlamar,I. de Margarita,Nueva Esparta,Venezuela,LINO-Delicateses,4980,10638
392,Erling Skakkes gate 78,Stavern,,Norway,Santé Gourmet,4110,10639
393,Adenauerallee 900,Stuttgart,,Germany,Die Wandernde Kuh,70563,10640
394,Carrera 22 con Ave. Carlos Soublette #8-35,San Cristóbal,Táchira,Venezuela,HILARION-Abastos,5022,10641
395,Vinbæltet 34,Kobenhavn,,Denmark,Simons bistro,1734,10642
396,Obere Str. 57,Berlin,,Germany,Alfreds Futterkiste,12209,10643
397,"Rua do Mercado, 12",Resende,SP,Brazil,Wellington Importadora,08737-363,10644
398,"Rua do Paço, 67",Rio de Janeiro,RJ,Brazil,Hanari Carnes,05454-876,10645
399,8 Johnstown Road,Cork,Co. Cork,Ireland,Hungry Owl All-Night Grocers,,10646
400,"Rua da Panificadora, 12",Rio de Janeiro,RJ,Brazil,Que Delícia,02389-673,10647
401,"Av. Copacabana, 267",Rio de Janeiro,RJ,Brazil,Ricardo Adocicados,02389-890,10648
402,Rue Joseph-Bens 532,Bruxelles,,Belgium,Maison Dewey,B-1180,10649
403,"Rua Orós, 92",Sao Paulo,SP,Brazil,Familia Arquibaldo,05442-030,10650
404,Adenauerallee 900,Stuttgart,,Germany,Die Wandernde Kuh,70563,10651
405,"Av. Brasil, 442",Campinas,SP,Brazil,Gourmet Lanchonetes,04876-786,10652
406,Berliner Platz 43,München,,Germany,Frankenversand,80805,10653
407,Berguvsvägen  8,Luleå,,Sweden,Berglunds snabbköp,S-958 22,10654
408,Strada Provinciale 124,Reggio Emilia,,Italy,Reggiani Caseifici,42100,10655
409,2732 Baker Blvd.,Eugene,OR,USA,Great Lakes Food Market,97403,10656
410,187 Suffolk Ln.,Boise,ID,USA,Save-a-lot Markets,83720,10657
411,Taucherstraße 10,Cunewalde,,Germany,QUICK-Stop,01307,10658
412,"Alameda dos Canàrios, 891",Sao Paulo,SP,Brazil,Queen Cozinha,05487-020,10659
413,City Center Plaza 516 Main St.,Elgin,OR,USA,Hungry Coyote Import Store,97827,10660
414,8 Johnstown Road,Cork,Co. Cork,Ireland,Hungry Owl All-Night Grocers,,10661
415,89 Chiaroscuro Rd.,Portland,OR,USA,Lonesome Pine Restaurant,97219,10662
416,"12, rue des Bouchers",Marseille,,France,Bon app',13008,10663
417,Jardim das rosas n. 32,Lisboa,,Portugal,Furia Bacalhau e Frutos do Mar,1675,10664
418,89 Chiaroscuro Rd.,Portland,OR,USA,Lonesome Pine Restaurant,97219,10665
419,Starenweg 5,Genève,,Switzerland,Richter Supermarkt,1204,10666
420,Kirchgasse 6,Graz,,Austria,Ernst Handel,8010,10667
421,Adenauerallee 900,Stuttgart,,Germany,Die Wandernde Kuh,70563,10668
422,Vinbæltet 34,Kobenhavn,,Denmark,Simons bistro,1734,10669
423,Berliner Platz 43,München,,Germany,Frankenversand,80805,10670
424,"54, rue Royale",Nantes,,France,France restauration,44000,10671
425,Berguvsvägen  8,Luleå,,Sweden,Berglunds snabbköp,S-958 22,10672
426,Keskuskatu 45,Helsinki,,Finland,Wilman Kala,21240,10673
427,Garden House Crowther Way,Cowes,Isle of Wight,UK,Island Trading,PO31 7PJ,10674
428,Berliner Platz 43,München,,Germany,Frankenversand,80805,10675
429,Avda. Azteca 123,México D.F.,,Mexico,Tortuga Restaurante,05033,10676
430,Mataderos  2312,México D.F.,,Mexico,Antonio Moreno Taquería,05023,10677
431,187 Suffolk Ln.,Boise,ID,USA,Save-a-lot Markets,83720,10678
432,"24, place Kléber",Strasbourg,,France,Blondel père et fils,67000,10679
433,2743 Bering St.,Anchorage,AK,USA,Old World Delicatessen,99508,10680
434,2732 Baker Blvd.,Eugene,OR,USA,Great Lakes Food Market,97403,10681
435,Mataderos  2312,México D.F.,,Mexico,Antonio Moreno Taquería,05023,10682
436,"67, rue des Cinquante Otages",Nantes,,France,Du monde entier,44000,10683
437,Mehrheimerstr. 369,Köln,,Germany,Ottilies Käseladen,50739,10684
438,"Av. Brasil, 442",Campinas,SP,Brazil,Gourmet Lanchonetes,04876-786,10685
439,Geislweg 14,Salzburg,,Austria,Piccolo und mehr,5020,10686
440,8 Johnstown Road,Cork,Co. Cork,Ireland,Hungry Owl All-Night Grocers,,10687
441,Smagsloget 45,Århus,,Denmark,Vaffeljernet,8200,10688
442,Berguvsvägen  8,Luleå,,Sweden,Berglunds snabbköp,S-958 22,10689
443,"Rua do Paço, 67",Rio de Janeiro,RJ,Brazil,Hanari Carnes,05454-876,10690
444,Taucherstraße 10,Cunewalde,,Germany,QUICK-Stop,01307,10691
445,Obere Str. 57,Berlin,,Germany,Alfred's Futterkiste,12209,10692
446,1029 - 12th Ave. S.,Seattle,WA,USA,White Clover Markets,98124,10693
447,Taucherstraße 10,Cunewalde,,Germany,QUICK-Stop,01307,10694
448,Keskuskatu 45,Helsinki,,Finland,Wilman Kala,21240,10695
449,1029 - 12th Ave. S.,Seattle,WA,USA,White Clover Markets,98124,10696
450,Ave. 5 de Mayo Porlamar,I. de Margarita,Nueva Esparta,Venezuela,LINO-Delicateses,4980,10697
451,Kirchgasse 6,Graz,,Austria,Ernst Handel,8010,10698
452,Heerstr. 22,Leipzig,,Germany,Morgenstern Gesundkost,04179,10699
453,187 Suffolk Ln.,Boise,ID,USA,Save-a-lot Markets,83720,10700
454,8 Johnstown Road,Cork,Co. Cork,Ireland,Hungry Owl All-Night Grocers,,10701
455,Obere Str. 57,Berlin,,Germany,Alfred's Futterkiste,12209,10702
456,Åkergatan 24,Bräcke,,Sweden,Folk och fä HB,S-844 67,10703
457,"Alameda dos Canàrios, 891",Sao Paulo,SP,Brazil,Queen Cozinha,05487-020,10704
458,Carrera 22 con Ave. Carlos Soublette #8-35,San Cristóbal,Táchira,Venezuela,HILARION-Abastos,5022,10705
459,2743 Bering St.,Anchorage,AK,USA,Old World Delicatessen,99508,10706
460,Brook Farm Stratford St. Mary,Colchester,Essex,UK,Around the Horn,CO7 6JX,10707
461,89 Jefferson Way Suite 2,Portland,OR,USA,The Big Cheese,97201,10708
462,"Av. Brasil, 442",Campinas,SP,Brazil,Gourmet Lanchonetes,04876-786,10709
463,Via Monte Bianco 34,Torino,,Italy,Franchi S.p.A.,10100,10710
464,187 Suffolk Ln.,Boise,ID,USA,Save-a-lot Markets,83720,10711
465,8 Johnstown Road,Cork,Co. Cork,Ireland,Hungry Owl All-Night Grocers,,10712
466,187 Suffolk Ln.,Boise,ID,USA,Save-a-lot Markets,83720,10713
467,187 Suffolk Ln.,Boise,ID,USA,Save-a-lot Markets,83720,10714
468,"12, rue des Bouchers",Marseille,,France,Bon app',13008,10715
469,Av. del Libertador 900,Buenos Aires,,Argentina,Rancho grande,1010,10716
470,Berliner Platz 43,München,,Germany,Frankenversand,80805,10717
471,Maubelstr. 90,Brandenburg,,Germany,Königlich Essen,14776,10718
472,87 Polk St. Suite 5,San Francisco,CA,USA,Let's Stop N Shop,94117,10719
473,"Rua da Panificadora, 12",Rio de Janeiro,RJ,Brazil,Que Delícia,02389-673,10720
474,Taucherstraße 10,Cunewalde,,Germany,QUICK-Stop,01307,10721
475,187 Suffolk Ln.,Boise,ID,USA,Save-a-lot Markets,83720,10722
476,1029 - 12th Ave. S.,Seattle,WA,USA,White Clover Markets,98124,10723
477,43 rue St. Laurent,Montréal,Québec,Canada,Mère Paillarde,H1J 1C3,10724
478,"Rua Orós, 92",Sao Paulo,SP,Brazil,Familia Arquibaldo,05442-030,10725
479,35 King George,London,,UK,Eastern Connection,WX3 6FW,10726
480,Strada Provinciale 124,Reggio Emilia,,Italy,Reggiani Caseifici,42100,10727
481,"Alameda dos Canàrios, 891",Sao Paulo,SP,Brazil,Queen Cozinha,05487-020,10728
482,Ave. 5 de Mayo Porlamar,I. de Margarita,Nueva Esparta,Venezuela,LINO-Delicateses,4980,10729
483,"12, rue des Bouchers",Marseille,,France,Bon app',13008,10730
484,Hauptstr. 31,Bern,,Switzerland,Chop-suey Chinese,3012,10731
485,"12, rue des Bouchers",Marseille,,France,Bon app',13008,10732
486,Berguvsvägen  8,Luleå,,Sweden,Berglunds snabbköp,S-958 22,10733
487,"Av. Brasil, 442",Campinas,SP,Brazil,Gourmet Lanchonetes,04876-786,10734
488,87 Polk St. Suite 5,San Francisco,CA,USA,Let's Stop N Shop,94117,10735
489,8 Johnstown Road,Cork,Co. Cork,Ireland,Hungry Owl All-Night Grocers,,10736
490,59 rue de l'Abbaye,Reims,,France,Vins et alcools Chevalier,51100,10737
491,"25, rue Lauriston",Paris,,France,Spécialités du monde,75016,10738
492,59 rue de l'Abbaye,Reims,,France,Vins et alcools Chevalier,51100,10739
493,1029 - 12th Ave. S.,Seattle,WA,USA,White Clover Markets,98124,10740
494,Brook Farm Stratford St. Mary,Colchester,Essex,UK,Around the Horn,CO7 6JX,10741
495,23 Tsawassen Blvd.,Tsawassen,BC,Canada,Bottom-Dollar Markets,T2F 8M4,10742
496,Brook Farm Stratford St. Mary,Colchester,Essex,UK,Around the Horn,CO7 6JX,10743
497,Smagsloget 45,Århus,,Denmark,Vaffeljernet,8200,10744
498,Taucherstraße 10,Cunewalde,,Germany,QUICK-Stop,01307,10745
499,Hauptstr. 31,Bern,,Switzerland,Chop-suey Chinese,3012,10746
500,Geislweg 14,Salzburg,,Austria,Piccolo und mehr,5020,10747
501,187 Suffolk Ln.,Boise,ID,USA,Save-a-lot Markets,83720,10748
502,Garden House Crowther Way,Cowes,Isle of Wight,UK,Island Trading,PO31 7PJ,10749
503,Torikatu 38,Oulu,,Finland,Wartian Herkku,90110,10750
504,Starenweg 5,Genève,,Switzerland,Richter Supermarkt,1204,10751
505,South House 300 Queensbridge,London,,UK,North/South,SW7 1RZ,10752
506,Via Monte Bianco 34,Torino,,Italy,Franchi S.p.A.,10100,10753
507,Via Ludovico il Moro 22,Bergamo,,Italy,Magazzini Alimentari Riuniti,24100,10754
508,"12, rue des Bouchers",Marseille,,France,Bon app',13008,10755
509,P.O. Box 555,Lander,WY,USA,Split Rail Beer & Ale,82520,10756
510,187 Suffolk Ln.,Boise,ID,USA,Save-a-lot Markets,83720,10757
511,Starenweg 5,Genève,,Switzerland,Richter Supermarkt,1204,10758
512,Avda. de la Constitución 2222,México D.F.,,Mexico,Ana Trujillo Emparedados y helados,05021,10759
513,Rue Joseph-Bens 532,Bruxelles,,Belgium,Maison Dewey,B-1180,10760
514,2817 Milton Dr.,Albuquerque,NM,USA,Rattlesnake Canyon Grocery,87110,10761
515,Åkergatan 24,Bräcke,,Sweden,Folk och fä HB,S-844 67,10762
516,"184, chaussée de Tournai",Lille,,France,Folies gourmandes,59000,10763
517,Kirchgasse 6,Graz,,Austria,Ernst Handel,8010,10764
518,Taucherstraße 10,Cunewalde,,Germany,QUICK-Stop,01307,10765
519,Mehrheimerstr. 369,Köln,,Germany,Ottilies Käseladen,50739,10766
520,"Boulevard Tirou, 255",Charleroi,,Belgium,Suprêmes délices,B-6000,10767
521,Brook Farm Stratford St. Mary,Colchester,Essex,UK,Around the Horn,CO7 6JX,10768
522,Smagsloget 45,Århus,,Denmark,Vaffeljernet,8200,10769
523,"Rua do Paço, 67",Rio de Janeiro,RJ,Brazil,Hanari Carnes,05454-876,10770
524,Kirchgasse 6,Graz,,Austria,Ernst Handel,8010,10771
525,Magazinweg 7,Frankfurt a.M.,,Germany,Lehmanns Marktstand,60528,10772
526,Kirchgasse 6,Graz,,Austria,Ernst Handel,8010,10773
527,Åkergatan 24,Bräcke,,Sweden,Folk och fä HB,S-844 67,10774
528,55 Grizzly Peak Rd.,Butte,MT,USA,The Cracker Box,59801,10775
529,Kirchgasse 6,Graz,,Austria,Ernst Handel,8010,10776
530,"Av. Brasil, 442",Campinas,SP,Brazil,Gourmet Lanchonetes,04876-786,10777
531,Berguvsvägen  8,Luleå,,Sweden,Berglunds snabbköp,S-958 22,10778
532,Heerstr. 22,Leipzig,,Germany,Morgenstern Gesundkost,04179,10779
533,Carrera 52 con Ave. Bolívar #65-98 Llano Largo,Barquisimeto,Lara,Venezuela,LILA-Supermercado,3508,10780
534,Torikatu 38,Oulu,,Finland,Wartian Herkku,90110,10781
535,Cerrito 333,Buenos Aires,,Argentina,Cactus Comidas para llevar,1010,10782
536,"Rua do Paço, 67",Rio de Janeiro,RJ,Brazil,Hanari Carnes,05454-876,10783
537,Via Ludovico il Moro 22,Bergamo,,Italy,Magazzini Alimentari Riuniti,24100,10784
538,5ª Ave. Los Palos Grandes,Caracas,DF,Venezuela,GROSELLA-Restaurante,1081,10785
539,"Alameda dos Canàrios, 891",Sao Paulo,SP,Brazil,Queen Cozinha,05487-020,10786
540,1 rue Alsace-Lorraine,Toulouse,,France,La maison d'Asie,31000,10787
541,Taucherstraße 10,Cunewalde,,Germany,QUICK-Stop,01307,10788
542,"184, chaussée de Tournai",Lille,,France,Folies gourmandes,59000,10789
543,"Av. Brasil, 442",Campinas,SP,Brazil,Gourmet Lanchonetes,04876-786,10790
544,Berliner Platz 43,München,,Germany,Frankenversand,80805,10791
545,ul. Filtrowa 68,Warszawa,,Poland,Wolski Zajazd,01-012,10792
546,Brook Farm Stratford St. Mary,Colchester,Essex,UK,Around the Horn,CO7 6JX,10793
547,"Rua da Panificadora, 12",Rio de Janeiro,RJ,Brazil,Que Delícia,02389-673,10794
548,Kirchgasse 6,Graz,,Austria,Ernst Handel,8010,10795
549,Carrera 22 con Ave. Carlos Soublette #8-35,San Cristóbal,Táchira,Venezuela,HILARION-Abastos,5022,10796
550,Walserweg 21,Aachen,,Germany,Drachenblut Delikatessen,52066,10797
551,Garden House Crowther Way,Cowes,Isle of Wight,UK,Island Trading,PO31 7PJ,10798
552,Maubelstr. 90,Brandenburg,,Germany,Königlich Essen,14776,10799
553,90 Wadhurst Rd.,London,,UK,Seven Seas Imports,OX15 4NB,10800
554,"C/ Araquil, 67",Madrid,,Spain,Bólido Comidas preparadas,28023,10801
555,Vinbæltet 34,Kobenhavn,,Denmark,Simons bistro,1734,10802
556,"Rua do Mercado, 12",Resende,SP,Brazil,Wellington Importadora,08737-363,10803
557,90 Wadhurst Rd.,London,,UK,Seven Seas Imports,OX15 4NB,10804
558,89 Jefferson Way Suite 2,Portland,OR,USA,The Big Cheese,97201,10805
559,"2, rue du Commerce",Lyon,,France,Victuailles en stock,69004,10806
560,Via Monte Bianco 34,Torino,,Italy,Franchi S.p.A.,10100,10807
561,2743 Bering St.,Anchorage,AK,USA,Old World Delicatessen,99508,10808
562,"Rua do Mercado, 12",Resende,SP,Brazil,Wellington Importadora,08737-363,10809
563,2319 Elm St.,Vancouver,BC,Canada,Laughing Bacchus Wine Cellars,V3F 2K1,10810
564,Ave. 5 de Mayo Porlamar,I. de Margarita,Nueva Esparta,Venezuela,LINO-Delicateses,4980,10811
565,Strada Provinciale 124,Reggio Emilia,,Italy,Reggiani Caseifici,42100,10812
566,"Av. Copacabana, 267",Rio de Janeiro,RJ,Brazil,Ricardo Adocicados,02389-890,10813
567,"2, rue du Commerce",Lyon,,France,Victuailles en stock,69004,10814
568,187 Suffolk Ln.,Boise,ID,USA,Save-a-lot Markets,83720,10815
569,2732 Baker Blvd.,Eugene,OR,USA,Great Lakes Food Market,97403,10816
570,Maubelstr. 90,Brandenburg,,Germany,Königlich Essen,14776,10817
571,Via Ludovico il Moro 22,Bergamo,,Italy,Magazzini Alimentari Riuniti,24100,10818
572,Cerrito 333,Buenos Aires,,Argentina,Cactus Comidas para llevar,1010,10819
573,2817 Milton Dr.,Albuquerque,NM,USA,Rattlesnake Canyon Grocery,87110,10820
574,P.O. Box 555,Lander,WY,USA,Split Rail Beer & Ale,82520,10821
575,722 DaVinci Blvd.,Kirkland,WA,USA,Trail's Head Gourmet Provisioners,98034,10822
576,Carrera 52 con Ave. Bolívar #65-98 Llano Largo,Barquisimeto,Lara,Venezuela,LILA-Supermercado,3508,10823
577,Åkergatan 24,Bräcke,,Sweden,Folk och fä HB,S-844 67,10824
578,Walserweg 21,Aachen,,Germany,Drachenblut Delikatessen,52066,10825
579,"24, place Kléber",Strasbourg,,France,Blondel père et fils,67000,10826
580,"12, rue des Bouchers",Marseille,,France,Bon app',13008,10827
581,Av. del Libertador 900,Buenos Aires,,Argentina,Rancho grande,1010,10828
582,Garden House Crowther Way,Cowes,Isle of Wight,UK,Island Trading,PO31 7PJ,10829
583,"Av. Inês de Castro, 414",Sao Paulo,SP,Brazil,Tradiçao Hipermercados,05634-030,10830
584,Erling Skakkes gate 78,Stavern,,Norway,Santé Gourmet,4110,10831
585,1 rue Alsace-Lorraine,Toulouse,,France,La maison d'Asie,31000,10832
586,Mehrheimerstr. 369,Köln,,Germany,Ottilies Käseladen,50739,10833
587,"Av. Inês de Castro, 414",Sao Paulo,SP,Brazil,Tradiçao Hipermercados,05634-030,10834
588,Obere Str. 57,Berlin,,Germany,Alfred's Futterkiste,12209,10835
589,Kirchgasse 6,Graz,,Austria,Ernst Handel,8010,10836
590,Berguvsvägen  8,Luleå,,Sweden,Berglunds snabbköp,S-958 22,10837
591,Ave. 5 de Mayo Porlamar,I. de Margarita,Nueva Esparta,Venezuela,LINO-Delicateses,4980,10838
592,"Av. Inês de Castro, 414",Sao Paulo,SP,Brazil,Tradiçao Hipermercados,05634-030,10839
593,Ave. 5 de Mayo Porlamar,I. de Margarita,Nueva Esparta,Venezuela,LINO-Delicateses,4980,10840
594,"Boulevard Tirou, 255",Charleroi,,Belgium,Suprêmes délices,B-6000,10841
595,Avda. Azteca 123,México D.F.,,Mexico,Tortuga Restaurante,05033,10842
596,"2, rue du Commerce",Lyon,,France,Victuailles en stock,69004,10843
597,Geislweg 14,Salzburg,,Austria,Piccolo und mehr,5020,10844
598,Taucherstraße 10,Cunewalde,,Germany,QUICK-Stop,01307,10845
599,"Boulevard Tirou, 255",Charleroi,,Belgium,Suprêmes délices,B-6000,10846
600,187 Suffolk Ln.,Boise,ID,USA,Save-a-lot Markets,83720,10847
601,Berkeley Gardens 12  Brewery,London,,UK,Consolidated Holdings,WX1 6LT,10848
602,Maubelstr. 90,Brandenburg,,Germany,Königlich Essen,14776,10849
603,"2, rue du Commerce",Lyon,,France,Victuailles en stock,69004,10850
604,"Av. Copacabana, 267",Rio de Janeiro,RJ,Brazil,Ricardo Adocicados,02389-890,10851
605,2817 Milton Dr.,Albuquerque,NM,USA,Rattlesnake Canyon Grocery,87110,10852
606,Forsterstr. 57,Mannheim,,Germany,Blauer See Delikatessen,68306,10853
607,Kirchgasse 6,Graz,,Austria,Ernst Handel,8010,10854
608,2743 Bering St.,Anchorage,AK,USA,Old World Delicatessen,99508,10855
609,Mataderos  2312,México D.F.,,Mexico,Antonio Moreno Taquería,05023,10856
610,Berguvsvägen  8,Luleå,,Sweden,Berglunds snabbköp,S-958 22,10857
611,"67, avenue de l'Europe",Versailles,,France,La corne d'abondance,78000,10858
612,Berliner Platz 43,München,,Germany,Frankenversand,80805,10859
613,"54, rue Royale",Nantes,,France,France restauration,44000,10860
614,1029 - 12th Ave. S.,Seattle,WA,USA,White Clover Markets,98124,10861
615,Magazinweg 7,Frankfurt a.M.,,Germany,Lehmanns Marktstand,60528,10862
616,Carrera 22 con Ave. Carlos Soublette #8-35,San Cristóbal,Táchira,Venezuela,HILARION-Abastos,5022,10863
617,Brook Farm Stratford St. Mary,Colchester,Essex,UK,Around the Horn,CO7 6JX,10864
618,Taucherstraße 10,Cunewalde,,Germany,QUICK-Stop,01307,10865
619,Berguvsvägen  8,Luleå,,Sweden,Berglunds snabbköp,S-958 22,10866
620,89 Chiaroscuro Rd.,Portland,OR,USA,Lonesome Pine Restaurant,97219,10867
621,"Alameda dos Canàrios, 891",Sao Paulo,SP,Brazil,Queen Cozinha,05487-020,10868
622,90 Wadhurst Rd.,London,,UK,Seven Seas Imports,OX15 4NB,10869
623,ul. Filtrowa 68,Warszawa,,Poland,Wolski Zajazd,01-012,10870
624,"12, rue des Bouchers",Marseille,,France,Bon app',13008,10871
625,"C/ Romero, 33",Sevilla,,Spain,Godos Cocina Típica,41101,10872
626,Keskuskatu 45,Helsinki,,Finland,Wilman Kala,21240,10873
627,"C/ Romero, 33",Sevilla,,Spain,Godos Cocina Típica,41101,10874
628,Berguvsvägen  8,Luleå,,Sweden,Berglunds snabbköp,S-958 22,10875
629,"12, rue des Bouchers",Marseille,,France,Bon app',13008,10876
630,"Av. Copacabana, 267",Rio de Janeiro,RJ,Brazil,Ricardo Adocicados,02389-890,10877
631,Taucherstraße 10,Cunewalde,,Germany,QUICK-Stop,01307,10878
632,Keskuskatu 45,Helsinki,,Finland,Wilman Kala,21240,10879
633,Åkergatan 24,Bräcke,,Sweden,Folk och fä HB,S-844 67,10880
634,Cerrito 333,Buenos Aires,,Argentina,Cactus Comidas para llevar,1010,10881
635,187 Suffolk Ln.,Boise,ID,USA,Save-a-lot Markets,83720,10882
636,89 Chiaroscuro Rd.,Portland,OR,USA,Lonesome Pine Restaurant,97219,10883
637,87 Polk St. Suite 5,San Francisco,CA,USA,Let's Stop N Shop,94117,10884
638,"Boulevard Tirou, 255",Charleroi,,Belgium,Suprêmes délices,B-6000,10885
639,"Rua do Paço, 67",Rio de Janeiro,RJ,Brazil,Hanari Carnes,05454-876,10886
640,"Rambla de Cataluña, 23",Barcelona,,Spain,Galería del gastronómo,8022,10887
641,"C/ Romero, 33",Sevilla,,Spain,Godos Cocina Típica,41101,10888
642,2817 Milton Dr.,Albuquerque,NM,USA,Rattlesnake Canyon Grocery,87110,10889
643,"67, rue des Cinquante Otages",Nantes,,France,Du monde entier,44000,10890
644,Magazinweg 7,Frankfurt a.M.,,Germany,Lehmanns Marktstand,60528,10891
645,Rue Joseph-Bens 532,Bruxelles,,Belgium,Maison Dewey,B-1180,10892
646,Maubelstr. 90,Brandenburg,,Germany,Königlich Essen,14776,10893
647,187 Suffolk Ln.,Boise,ID,USA,Save-a-lot Markets,83720,10894
648,Kirchgasse 6,Graz,,Austria,Ernst Handel,8010,10895
649,Rue Joseph-Bens 532,Bruxelles,,Belgium,Maison Dewey,B-1180,10896
650,8 Johnstown Road,Cork,Co. Cork,Ireland,Hungry Owl All-Night Grocers,,10897
651,Ing. Gustavo Moncada 8585 Piso 20-A,Buenos Aires,,Argentina,Océano Atlántico Ltda.,1010,10898
652,Carrera 52 con Ave. Bolívar #65-98 Llano Largo,Barquisimeto,Lara,Venezuela,LILA-Supermercado,3508,10899
653,"Rua do Mercado, 12",Resende,SP,Brazil,Wellington Importadora,08737-363,10900
654,Carrera 22 con Ave. Carlos Soublette #8-35,San Cristóbal,Táchira,Venezuela,HILARION-Abastos,5022,10901
655,Åkergatan 24,Bräcke,,Sweden,Folk och fä HB,S-844 67,10902
656,"Rua do Paço, 67",Rio de Janeiro,RJ,Brazil,Hanari Carnes,05454-876,10903
657,1029 - 12th Ave. S.,Seattle,WA,USA,White Clover Markets,98124,10904
658,"Rua do Mercado, 12",Resende,SP,Brazil,Wellington Importadora,08737-363,10905
659,ul. Filtrowa 68,Warszawa,,Poland,Wolski Zajazd,01-012,10906
660,"25, rue Lauriston",Paris,,France,Spécialités du monde,75016,10907
661,Strada Provinciale 124,Reggio Emilia,,Italy,Reggiani Caseifici,42100,10908
662,Erling Skakkes gate 78,Stavern,,Norway,Santé Gourmet,4110,10909
663,Keskuskatu 45,Helsinki,,Finland,Wilman Kala,21240,10910
664,"C/ Romero, 33",Sevilla,,Spain,Godos Cocina Típica,41101,10911
665,8 Johnstown Road,Cork,Co. Cork,Ireland,Hungry Owl All-Night Grocers,,10912
666,"Alameda dos Canàrios, 891",Sao Paulo,SP,Brazil,Queen Cozinha,05487-020,10913
667,"Alameda dos Canàrios, 891",Sao Paulo,SP,Brazil,Queen Cozinha,05487-020,10914
668,Avda. Azteca 123,México D.F.,,Mexico,Tortuga Restaurante,05033,10915
669,Av. del Libertador 900,Buenos Aires,,Argentina,Rancho grande,1010,10916
670,"Gran Vía, 1",Madrid,,Spain,Romero y tomillo,28001,10917
671,23 Tsawassen Blvd.,Tsawassen,BC,Canada,Bottom-Dollar Markets,T2F 8M4,10918
672,Ave. 5 de Mayo Porlamar,I. de Margarita,Nueva Esparta,Venezuela,LINO-Delicateses,4980,10919
673,Brook Farm Stratford St. Mary,Colchester,Essex,UK,Around the Horn,CO7 6JX,10920
674,Smagsloget 45,Århus,,Denmark,Vaffeljernet,8200,10921
675,"Rua do Paço, 67",Rio de Janeiro,RJ,Brazil,Hanari Carnes,05454-876,10922
676,1 rue Alsace-Lorraine,Toulouse,,France,La maison d'Asie,31000,10923
677,Berguvsvägen  8,Luleå,,Sweden,Berglunds snabbköp,S-958 22,10924
678,"Rua do Paço, 67",Rio de Janeiro,RJ,Brazil,Hanari Carnes,05454-876,10925
679,Avda. de la Constitución 2222,México D.F.,,Mexico,Ana Trujillo Emparedados y helados,05021,10926
680,"67, avenue de l'Europe",Versailles,,France,La corne d'abondance,78000,10927
681,"Rambla de Cataluña, 23",Barcelona,,Spain,Galería del gastronómo,8022,10928
682,Berliner Platz 43,München,,Germany,Frankenversand,80805,10929
683,"Boulevard Tirou, 255",Charleroi,,Belgium,Suprêmes délices,B-6000,10930
684,Starenweg 5,Genève,,Switzerland,Richter Supermarkt,1204,10931
685,"12, rue des Bouchers",Marseille,,France,Bon app',13008,10932
686,Garden House Crowther Way,Cowes,Isle of Wight,UK,Island Trading,PO31 7PJ,10933
687,Magazinweg 7,Frankfurt a.M.,,Germany,Lehmanns Marktstand,60528,10934
688,"Rua do Mercado, 12",Resende,SP,Brazil,Wellington Importadora,08737-363,10935
689,2732 Baker Blvd.,Eugene,OR,USA,Great Lakes Food Market,97403,10936
690,Cerrito 333,Buenos Aires,,Argentina,Cactus Comidas para llevar,1010,10937
691,Taucherstraße 10,Cunewalde,,Germany,QUICK-Stop,01307,10938
692,Via Ludovico il Moro 22,Bergamo,,Italy,Magazzini Alimentari Riuniti,24100,10939
693,"12, rue des Bouchers",Marseille,,France,Bon app',13008,10940
694,187 Suffolk Ln.,Boise,ID,USA,Save-a-lot Markets,83720,10941
695,Strada Provinciale 124,Reggio Emilia,,Italy,Reggiani Caseifici,42100,10942
696,Fauntleroy Circus,London,,UK,B's Beverages,EC2 5NT,10943
697,23 Tsawassen Blvd.,Tsawassen,BC,Canada,Bottom-Dollar Markets,T2F 8M4,10944
698,Heerstr. 22,Leipzig,,Germany,Morgenstern Gesundkost,04179,10945
699,Smagsloget 45,Århus,,Denmark,Vaffeljernet,8200,10946
700,Fauntleroy Circus,London,,UK,B's Beverages,EC2 5NT,10947
701,"C/ Romero, 33",Sevilla,,Spain,Godos Cocina Típica,41101,10948
702,23 Tsawassen Blvd.,Tsawassen,BC,Canada,Bottom-Dollar Markets,T2F 8M4,10949
703,Via Ludovico il Moro 22,Bergamo,,Italy,Magazzini Alimentari Riuniti,24100,10950
704,Starenweg 5,Genève,,Switzerland,Richter Supermarkt,1204,10951
705,Obere Str. 57,Berlin,,Germany,Alfred's Futterkiste,12209,10952
706,Brook Farm Stratford St. Mary,Colchester,Essex,UK,Around the Horn,CO7 6JX,10953
707,Ave. 5 de Mayo Porlamar,I. de Margarita,Nueva Esparta,Venezuela,LINO-Delicateses,4980,10954
708,Åkergatan 24,Bräcke,,Sweden,Folk och fä HB,S-844 67,10955
709,Forsterstr. 57,Mannheim,,Germany,Blauer See Delikatessen,68306,10956
710,Carrera 22 con Ave. Carlos Soublette #8-35,San Cristóbal,Táchira,Venezuela,HILARION-Abastos,5022,10957
711,Ing. Gustavo Moncada 8585 Piso 20-A,Buenos Aires,,Argentina,Océano Atlántico Ltda.,1010,10958
712,"Av. Brasil, 442",Campinas,SP,Brazil,Gourmet Lanchonetes,04876-786,10959
713,Carrera 22 con Ave. Carlos Soublette #8-35,San Cristóbal,Táchira,Venezuela,HILARION-Abastos,5022,10960
714,"Alameda dos Canàrios, 891",Sao Paulo,SP,Brazil,Queen Cozinha,05487-020,10961
715,Taucherstraße 10,Cunewalde,,Germany,QUICK-Stop,01307,10962
716,Jardim das rosas n. 32,Lisboa,,Portugal,Furia Bacalhau e Frutos do Mar,1675,10963
717,"25, rue Lauriston",Paris,,France,Spécialités du monde,75016,10964
718,2743 Bering St.,Anchorage,AK,USA,Old World Delicatessen,99508,10965
719,Hauptstr. 31,Bern,,Switzerland,Chop-suey Chinese,3012,10966
720,Luisenstr. 48,Münster,,Germany,Toms Spezialitäten,44087,10967
721,Kirchgasse 6,Graz,,Austria,Ernst Handel,8010,10968
722,"Av. dos Lusíadas, 23",Sao Paulo,SP,Brazil,Comércio Mineiro,05432-043,10969
723,"C/ Araquil, 67",Madrid,,Spain,Bólido Comidas preparadas,28023,10970
724,"54, rue Royale",Nantes,,France,France restauration,44000,10971
725,"67, avenue de l'Europe",Versailles,,France,La corne d'abondance,78000,10972
726,"67, avenue de l'Europe",Versailles,,France,La corne d'abondance,78000,10973
727,P.O. Box 555,Lander,WY,USA,Split Rail Beer & Ale,82520,10974
728,23 Tsawassen Blvd.,Tsawassen,BC,Canada,Bottom-Dollar Markets,T2F 8M4,10975
729,Carrera 22 con Ave. Carlos Soublette #8-35,San Cristóbal,Táchira,Venezuela,HILARION-Abastos,5022,10976
730,Åkergatan 24,Bräcke,,Sweden,Folk och fä HB,S-844 67,10977
731,Rue Joseph-Bens 532,Bruxelles,,Belgium,Maison Dewey,B-1180,10978
732,Kirchgasse 6,Graz,,Austria,Ernst Handel,8010,10979
733,Åkergatan 24,Bräcke,,Sweden,Folk och fä HB,S-844 67,10980
734,"Rua do Paço, 67",Rio de Janeiro,RJ,Brazil,Hanari Carnes,05454-876,10981
735,23 Tsawassen Blvd.,Tsawassen,BC,Canada,Bottom-Dollar Markets,T2F 8M4,10982
736,187 Suffolk Ln.,Boise,ID,USA,Save-a-lot Markets,83720,10983
737,187 Suffolk Ln.,Boise,ID,USA,Save-a-lot Markets,83720,10984
738,8 Johnstown Road,Cork,Co. Cork,Ireland,Hungry Owl All-Night Grocers,,10985
739,Ing. Gustavo Moncada 8585 Piso 20-A,Buenos Aires,,Argentina,Océano Atlántico Ltda.,1010,10986
740,35 King George,London,,UK,Eastern Connection,WX3 6FW,10987
741,2817 Milton Dr.,Albuquerque,NM,USA,Rattlesnake Canyon Grocery,87110,10988
742,"Rua da Panificadora, 12",Rio de Janeiro,RJ,Brazil,Que Delícia,02389-673,10989
743,Kirchgasse 6,Graz,,Austria,Ernst Handel,8010,10990
744,Taucherstraße 10,Cunewalde,,Germany,QUICK-Stop,01307,10991
745,89 Jefferson Way Suite 2,Portland,OR,USA,The Big Cheese,97201,10992
746,Åkergatan 24,Bräcke,,Sweden,Folk och fä HB,S-844 67,10993
747,Smagsloget 45,Århus,,Denmark,Vaffeljernet,8200,10994
748,Calle Dr. Jorge Cash 321,México D.F.,,Mexico,Pericles Comidas clásicas,05033,10995
749,Taucherstraße 10,Cunewalde,,Germany,QUICK-Stop,01307,10996
750,Carrera 52 con Ave. Bolívar #65-98 Llano Largo,Barquisimeto,Lara,Venezuela,LILA-Supermercado,3508,10997
751,ul. Filtrowa 68,Warszawa,,Poland,Wolski Zajazd,01-012,10998
752,Mehrheimerstr. 369,Köln,,Germany,Ottilies Käseladen,50739,10999
753,2817 Milton Dr.,Albuquerque,NM,USA,Rattlesnake Canyon Grocery,87110,11000
754,Åkergatan 24,Bräcke,,Sweden,Folk och fä HB,S-844 67,11001
755,187 Suffolk Ln.,Boise,ID,USA,Save-a-lot Markets,83720,11002
756,55 Grizzly Peak Rd.,Butte,MT,USA,The Cracker Box,59801,11003
757,Rue Joseph-Bens 532,Bruxelles,,Belgium,Maison Dewey,B-1180,11004
758,Keskuskatu 45,Helsinki,,Finland,Wilman Kala,21240,11005
759,2732 Baker Blvd.,Eugene,OR,USA,Great Lakes Food Market,97403,11006
760,Estrada da saúde n. 58,Lisboa,,Portugal,Princesa Isabel Vinhos,1756,11007
761,Kirchgasse 6,Graz,,Austria,Ernst Handel,8010,11008
762,"C/ Romero, 33",Sevilla,,Spain,Godos Cocina Típica,41101,11009
763,Strada Provinciale 124,Reggio Emilia,,Italy,Reggiani Caseifici,42100,11010
764,Obere Str. 57,Berlin,,Germany,Alfred's Futterkiste,12209,11011
765,Berliner Platz 43,München,,Germany,Frankenversand,80805,11012
766,"Gran Vía, 1",Madrid,,Spain,Romero y tomillo,28001,11013
767,Ave. 5 de Mayo Porlamar,I. de Margarita,Nueva Esparta,Venezuela,LINO-Delicateses,4980,11014
768,Erling Skakkes gate 78,Stavern,,Norway,Santé Gourmet,4110,11015
769,Brook Farm Stratford St. Mary,Colchester,Essex,UK,Around the Horn,CO7 6JX,11016
770,Kirchgasse 6,Graz,,Austria,Ernst Handel,8010,11017
771,89 Chiaroscuro Rd.,Portland,OR,USA,Lonesome Pine Restaurant,97219,11018
772,Av. del Libertador 900,Buenos Aires,,Argentina,Rancho grande,1010,11019
773,Mehrheimerstr. 369,Köln,,Germany,Ottilies Käseladen,50739,11020
774,Taucherstraße 10,Cunewalde,,Germany,QUICK-Stop,01307,11021
775,"Rua do Paço, 67",Rio de Janeiro,RJ,Brazil,Hanari Carnes,05454-876,11022
776,Fauntleroy Circus,London,,UK,B's Beverages,EC2 5NT,11023
777,35 King George,London,,UK,Eastern Connection,WX3 6FW,11024
778,Torikatu 38,Oulu,,Finland,Wartian Herkku,90110,11025
779,Via Monte Bianco 34,Torino,,Italy,Franchi S.p.A.,10100,11026
780,23 Tsawassen Blvd.,Tsawassen,BC,Canada,Bottom-Dollar Markets,T2F 8M4,11027
781,Maubelstr. 90,Brandenburg,,Germany,Königlich Essen,14776,11028
782,Hauptstr. 31,Bern,,Switzerland,Chop-suey Chinese,3012,11029
783,187 Suffolk Ln.,Boise,ID,USA,Save-a-lot Markets,83720,11030
784,187 Suffolk Ln.,Boise,ID,USA,Save-a-lot Markets,83720,11031
785,1029 - 12th Ave. S.,Seattle,WA,USA,White Clover Markets,98124,11032
786,Starenweg 5,Genève,,Switzerland,Richter Supermarkt,1204,11033
787,2743 Bering St.,Anchorage,AK,USA,Old World Delicatessen,99508,11034
788,"Boulevard Tirou, 255",Charleroi,,Belgium,Suprêmes délices,B-6000,11035
789,Walserweg 21,Aachen,,Germany,Drachenblut Delikatessen,52066,11036
790,"C/ Romero, 33",Sevilla,,Spain,Godos Cocina Típica,41101,11037
791,"Boulevard Tirou, 255",Charleroi,,Belgium,Suprêmes délices,B-6000,11038
792,Ave. 5 de Mayo Porlamar,I. de Margarita,Nueva Esparta,Venezuela,LINO-Delicateses,4980,11039
793,2732 Baker Blvd.,Eugene,OR,USA,Great Lakes Food Market,97403,11040
794,Hauptstr. 31,Bern,,Switzerland,Chop-suey Chinese,3012,11041
795,"Av. dos Lusíadas, 23",Sao Paulo,SP,Brazil,Comércio Mineiro,05432-043,11042
796,"25, rue Lauriston",Paris,,France,Spécialités du monde,75016,11043
797,ul. Filtrowa 68,Warszawa,,Poland,Wolski Zajazd,01-012,11044
798,23 Tsawassen Blvd.,Tsawassen,BC,Canada,Bottom-Dollar Markets,T2F 8M4,11045
799,Adenauerallee 900,Stuttgart,,Germany,Die Wandernde Kuh,70563,11046
800,35 King George,London,,UK,Eastern Connection,WX3 6FW,11047
801,23 Tsawassen Blvd.,Tsawassen,BC,Canada,Bottom-Dollar Markets,T2F 8M4,11048
802,"Av. Brasil, 442",Campinas,SP,Brazil,Gourmet Lanchonetes,04876-786,11049
803,Åkergatan 24,Bräcke,,Sweden,Folk och fä HB,S-844 67,11050
804,1 rue Alsace-Lorraine,Toulouse,,France,La maison d'Asie,31000,11051
805,"Rua do Paço, 67",Rio de Janeiro,RJ,Brazil,Hanari Carnes,05454-876,11052
806,Geislweg 14,Salzburg,,Austria,Piccolo und mehr,5020,11053
807,Cerrito 333,Buenos Aires,,Argentina,Cactus Comidas para llevar,1010,11054
808,Carrera 22 con Ave. Carlos Soublette #8-35,San Cristóbal,Táchira,Venezuela,HILARION-Abastos,5022,11055
809,35 King George,London,,UK,Eastern Connection,WX3 6FW,11056
810,South House 300 Queensbridge,London,,UK,North/South,SW7 1RZ,11057
811,Forsterstr. 57,Mannheim,,Germany,Blauer See Delikatessen,68306,11058
812,"Av. Copacabana, 267",Rio de Janeiro,RJ,Brazil,Ricardo Adocicados,02389-890,11059
813,Via Monte Bianco 34,Torino,,Italy,Franchi S.p.A.,10100,11060
814,2732 Baker Blvd.,Eugene,OR,USA,Great Lakes Food Market,97403,11061
815,Strada Provinciale 124,Reggio Emilia,,Italy,Reggiani Caseifici,42100,11062
816,8 Johnstown Road,Cork,Co. Cork,Ireland,Hungry Owl All-Night Grocers,,11063
817,187 Suffolk Ln.,Boise,ID,USA,Save-a-lot Markets,83720,11064
818,Carrera 52 con Ave. Bolívar #65-98 Llano Largo,Barquisimeto,Lara,Venezuela,LILA-Supermercado,3508,11065
819,1029 - 12th Ave. S.,Seattle,WA,USA,White Clover Markets,98124,11066
820,Walserweg 21,Aachen,,Germany,Drachenblut Delikatessen,52066,11067
821,"Alameda dos Canàrios, 891",Sao Paulo,SP,Brazil,Queen Cozinha,05487-020,11068
822,Avda. Azteca 123,México D.F.,,Mexico,Tortuga Restaurante,05033,11069
823,Magazinweg 7,Frankfurt a.M.,,Germany,Lehmanns Marktstand,60528,11070
824,Carrera 52 con Ave. Bolívar #65-98 Llano Largo,Barquisimeto,Lara,Venezuela,LILA-Supermercado,3508,11071
825,Kirchgasse 6,Graz,,Austria,Ernst Handel,8010,11072
826,Calle Dr. Jorge Cash 321,México D.F.,,Mexico,Pericles Comidas clásicas,05033,11073
827,Vinbæltet 34,Kobenhavn,,Denmark,Simons bistro,1734,11074
828,Starenweg 5,Genève,,Switzerland,Richter Supermarkt,1204,11075
829,"12, rue des Bouchers",Marseille,,France,Bon app',13008,11076
830,2817 Milton Dr.,Albuquerque,NM,USA,Rattlesnake Canyon Grocery,87110,11077
